url,status,title,h1,make_tags,imgs,full_res_links,words,meta_desc,robots,first_img
https://miracledetail.co.uk/gallery/1952-morgan-white/,200,1952 Morgan (White) - Miracle Detail,1952 Morgan (White),,0,12,7,Connoisseur Detail carried out at clients location and finished with Swissvax Crystal rock wax,"index, follow, max-snippet:-1, max-image-preview:large, max-video-preview:-1",https://miracledetail.co.uk/wp-content/uploads/2016/12/gal-551-IMG_9801.jpg
https://miracledetail.co.uk/gallery/1965-ferrari-275-gtb/,200,1965 Ferrari 275 GTB - Miracle Detail,1965 Ferrari 275 GTB,,0,1,8,,"index, follow, max-snippet:-1, max-image-preview:large, max-video-preview:-1",https://miracledetail.co.uk/wp-content/uploads/2016/12/gal-539-IMG_7364.jpg
https://miracledetail.co.uk/gallery/1970-aston-martin-db6-mk2-volante-convertible/,200,1970 Aston Martin DB6 Mk2 Volante Convertible - Miracle Detail,1970 Aston Martin DB6 Mk2 Volante Convertible,,0,39,11,,"index, follow, max-snippet:-1, max-image-preview:large, max-video-preview:-1",https://miracledetail.co.uk/wp-content/uploads/2016/12/gal-538-IMG_3002.jpg
https://miracledetail.co.uk/gallery/1972-ferrari-dino-246-gts/,200,1972 Ferrari Dino 246 GTS - Miracle Detail,1972 Ferrari Dino 246 GTS,,0,1,9,,"index, follow, max-snippet:-1, max-image-preview:large, max-video-preview:-1",https://miracledetail.co.uk/wp-content/uploads/2016/12/gal-542-IMG_2432.jpg
https://miracledetail.co.uk/gallery/1984-porsche-carrera-clubsport-white/,200,1984 Porsche Carrera Clubsport (White) - Miracle Detail,1984 Porsche Carrera Clubsport (White),,0,32,9,,"index, follow, max-snippet:-1, max-image-preview:large, max-video-preview:-1",https://miracledetail.co.uk/wp-content/uploads/2016/12/gal-543-DSC02071.jpg
https://miracledetail.co.uk/gallery/1989-porsche-930-carrera-rs/,200,1989 Porsche 930 Carrera RS - Miracle Detail,1989 Porsche 930 Carrera RS,,0,15,9,,"index, follow, max-snippet:-1, max-image-preview:large, max-video-preview:-1",https://miracledetail.co.uk/wp-content/uploads/2016/12/gal-544-IMG_8915.jpg
https://miracledetail.co.uk/gallery/1991-porsche-964-3-6-turbo-maritime-blue/,200,1991 Porsche 964 3.6 Turbo (Maritime blue) - Miracle Detail,1991 Porsche 964 3.6 Turbo (Maritime blue),,0,39,11,,"index, follow, max-snippet:-1, max-image-preview:large, max-video-preview:-1",https://miracledetail.co.uk/wp-content/uploads/2016/12/gal-545-IMG_0779.jpg
https://miracledetail.co.uk/gallery/1992-porsche-964-turbo-midnight-blue/,200,1992 Porsche 964 Turbo (Midnight blue) - Miracle Detail,1992 Porsche 964 Turbo (Midnight blue),,0,1,10,,"index, follow, max-snippet:-1, max-image-preview:large, max-video-preview:-1",https://miracledetail.co.uk/wp-content/uploads/2016/12/gal-546-DSC01691.jpg
https://miracledetail.co.uk/gallery/1993-porsche-965-3-6-turbo-mint-green/,200,1993 Porsche 965 3.6 Turbo (Mint green) - Miracle Detail,1993 Porsche 965 3.6 Turbo (Mint green),,0,22,11,,"index, follow, max-snippet:-1, max-image-preview:large, max-video-preview:-1",https://miracledetail.co.uk/wp-content/uploads/2016/12/gal-547-IMG_1857.jpg
https://miracledetail.co.uk/gallery/1995-porsche-993-carrera-rs-riviera-blue/,200,1995 Porsche 993 Carrera RS (Riviera blue) - Miracle Detail,1995 Porsche 993 Carrera RS (Riviera blue),,0,12,11,,"index, follow, max-snippet:-1, max-image-preview:large, max-video-preview:-1",https://miracledetail.co.uk/wp-content/uploads/2016/12/gal-548-IMG_9003.jpg
https://miracledetail.co.uk/gallery/2004-bmw-320-convertible-100000-miles-on-the-clock/,200,2004 BMW 320 convertible 100000 miles on the clock - Miracle Detail,2004 BMW 320 convertible 100000 miles on the clock,,0,74,13,,"index, follow, max-snippet:-1, max-image-preview:large, max-video-preview:-1",https://miracledetail.co.uk/wp-content/uploads/2016/12/gal-666-DSC01793.jpg
https://miracledetail.co.uk/gallery/2012-bentley-continental-gt-in-metallic-black/,200,2012 Bentley Continental GT in metallic black - Miracle Detail,2012 Bentley Continental GT in metallic black,,0,262,11,,"index, follow, max-snippet:-1, max-image-preview:large, max-video-preview:-1",https://miracledetail.co.uk/wp-content/uploads/2016/12/gal-561-DSC09189.jpg
https://miracledetail.co.uk/gallery/2017-mini-challenge-limited-edition/,200,2017 Mini challenge limited edition - Miracle Detail,2017 Mini challenge limited edition,,0,1,9,,"index, follow, max-snippet:-1, max-image-preview:large, max-video-preview:-1",https://miracledetail.co.uk/wp-content/uploads/2017/07/DSC02487-e1500050234652.jpg
https://miracledetail.co.uk/gallery/alfa-romeo-8c-spider/,200,Alfa Romeo 8c Spider - Miracle Detail,Alfa Romeo 8c Spider,,0,106,8,,"index, follow, max-snippet:-1, max-image-preview:large, max-video-preview:-1",https://miracledetail.co.uk/wp-content/uploads/2016/12/gal-569-IMG_0252.jpg
https://miracledetail.co.uk/gallery/ascari-kz1/,200,Ascari KZ1 - Miracle Detail,Ascari KZ1,,0,32,6,,"index, follow, max-snippet:-1, max-image-preview:large, max-video-preview:-1",https://miracledetail.co.uk/wp-content/uploads/2016/12/gal-617-IMG_8520.jpg
https://miracledetail.co.uk/gallery/aston-martin-amv-8/,200,Aston Martin AMV-8 - Miracle Detail,Aston Martin AMV-8,,0,29,7,,"index, follow, max-snippet:-1, max-image-preview:large, max-video-preview:-1",https://miracledetail.co.uk/wp-content/uploads/2016/12/gal-572-IMG_9005.jpg
https://miracledetail.co.uk/gallery/aston-martin-amv8/,200,Aston Martin AMV8 - Miracle Detail,Aston Martin AMV8,,0,101,7,,"index, follow, max-snippet:-1, max-image-preview:large, max-video-preview:-1",https://miracledetail.co.uk/wp-content/uploads/2016/12/gal-570-DSC04054.jpg
https://miracledetail.co.uk/gallery/aston-martin-db-9/,200,Aston Martin DB-9 - Miracle Detail,Aston Martin DB-9,,0,20,7,,"index, follow, max-snippet:-1, max-image-preview:large, max-video-preview:-1",https://miracledetail.co.uk/wp-content/uploads/2016/12/gal-573-IMG_0400.jpg
https://miracledetail.co.uk/gallery/aston-martin-dbs/,200,Aston Martin DBS - Miracle Detail,Aston Martin DBS,,0,46,7,,"index, follow, max-snippet:-1, max-image-preview:large, max-video-preview:-1",https://miracledetail.co.uk/wp-content/uploads/2016/12/gal-574-IMG_7135.jpg
https://miracledetail.co.uk/gallery/aston-martin-vanquish/,200,Aston Martin Vanquish - Miracle Detail,Aston Martin Vanquish,,0,14,7,,"index, follow, max-snippet:-1, max-image-preview:large, max-video-preview:-1",https://miracledetail.co.uk/wp-content/uploads/2016/12/gal-575-IMG_9300.jpg
https://miracledetail.co.uk/gallery/aston-martin-vantage-v8/,200,Aston Martin Vantage V8 - Miracle Detail,Aston Martin Vantage V8,,0,116,8,,"index, follow, max-snippet:-1, max-image-preview:large, max-video-preview:-1",https://miracledetail.co.uk/wp-content/uploads/2016/12/gal-571-IMG_2956.jpg
https://miracledetail.co.uk/gallery/audi-r8-black/,200,Audi R8 (Black) - Miracle Detail,Audi R8 (Black),,0,79,7,,"index, follow, max-snippet:-1, max-image-preview:large, max-video-preview:-1",https://miracledetail.co.uk/wp-content/uploads/2016/12/gal-576-IMG_2771.jpg
https://miracledetail.co.uk/gallery/audi-r8-silver/,200,Audi R8 (Silver) - Miracle Detail,Audi R8 (Silver),,0,13,7,,"index, follow, max-snippet:-1, max-image-preview:large, max-video-preview:-1",https://miracledetail.co.uk/wp-content/uploads/2016/12/gal-577-IMG_4500.jpg
https://miracledetail.co.uk/gallery/audi-r8-v10-suzuki-white/,200,Audi R8 V10 (Suzuki white) - Miracle Detail,Audi R8 V10 (Suzuki white),,0,25,9,,"index, follow, max-snippet:-1, max-image-preview:large, max-video-preview:-1",https://miracledetail.co.uk/wp-content/uploads/2016/12/gal-578-IMG_3003.jpg
https://miracledetail.co.uk/gallery/audi-rs6-2/,200,Audi RS6 Detail - Miracle Detail,Audi RS6 Detail,,0,2,7,,"index, follow, max-snippet:-1, max-image-preview:large, max-video-preview:-1",https://miracledetail.co.uk/wp-content/uploads/2016/12/DSC01024.jpg
https://miracledetail.co.uk/gallery/audi-rs6/,200,Audi RS6 - Miracle Detail,Audi RS6,,0,1,6,,"index, follow, max-snippet:-1, max-image-preview:large, max-video-preview:-1",https://miracledetail.co.uk/wp-content/uploads/2016/12/DSC01927-e1481169179739.jpg
https://miracledetail.co.uk/gallery/audi-s5-in-metallic-black/,200,Audi S5 in metallic black - Miracle Detail,Audi S5 in metallic black,,0,78,9,,"index, follow, max-snippet:-1, max-image-preview:large, max-video-preview:-1",https://miracledetail.co.uk/wp-content/uploads/2016/12/gal-579-DSC_0719.jpg
https://miracledetail.co.uk/gallery/audi-s8-2002-in-light-metallic-blue/,200,Audi S8 2002 in light metallic blue - Miracle Detail,Audi S8 2002 in light metallic blue,,0,146,11,,"index, follow, max-snippet:-1, max-image-preview:large, max-video-preview:-1",https://miracledetail.co.uk/wp-content/uploads/2016/12/gal-559-DSC03324.jpg
https://miracledetail.co.uk/gallery/before-and-afters/,200,50/50s - Miracle Detail,50/50s,,0,17,5,,"index, follow, max-snippet:-1, max-image-preview:large, max-video-preview:-1",https://miracledetail.co.uk/wp-content/uploads/2016/12/gal-537-IMG_01.jpg
https://miracledetail.co.uk/gallery/bentley-continental-convertible/,200,Bentley Continental Convertible - Miracle Detail,Bentley Continental Convertible,,0,29,7,,"index, follow, max-snippet:-1, max-image-preview:large, max-video-preview:-1",https://miracledetail.co.uk/wp-content/uploads/2016/12/gal-562-IMG_3091.jpg
https://miracledetail.co.uk/gallery/bentley-continental-gt-moroccan-blue/,200,Bentley Continental GT (Moroccan Blue) - Miracle Detail,Bentley Continental GT (Moroccan Blue),,0,42,9,,"index, follow, max-snippet:-1, max-image-preview:large, max-video-preview:-1",https://miracledetail.co.uk/wp-content/uploads/2016/12/gal-563-IMG_2210.jpg
https://miracledetail.co.uk/gallery/bentley-continental/,200,Bentley Continental - Miracle Detail,Bentley Continental,,0,1,6,,"index, follow, max-snippet:-1, max-image-preview:large, max-video-preview:-1",https://miracledetail.co.uk/wp-content/uploads/2016/12/DSC09389-e1481169390595.jpg
https://miracledetail.co.uk/gallery/bentley-flying-spur-30-hour-ultimate-detail/,200,Bentley Flying Spur - 30 hour Ultimate Detail - Miracle Detail,Bentley Flying Spur – 30 hour Ultimate Detail,,0,170,12,,"index, follow, max-snippet:-1, max-image-preview:large, max-video-preview:-1",https://miracledetail.co.uk/wp-content/uploads/2016/12/gal-560-IMG_3622.jpg
https://miracledetail.co.uk/gallery/bmw-1m-coupe-with-modesta-glass-coatings-applied/,200,BMW 1M coupe with Modesta glass coatings applied - Miracle Detail,BMW 1M coupe with Modesta glass coatings applied,,0,172,12,,"index, follow, max-snippet:-1, max-image-preview:large, max-video-preview:-1",https://miracledetail.co.uk/wp-content/uploads/2016/12/gal-580-DSC02205.jpg
https://miracledetail.co.uk/gallery/bmw-3-series/,200,BMW 3 series - Miracle Detail,BMW 3 series,,0,1,7,,"index, follow, max-snippet:-1, max-image-preview:large, max-video-preview:-1",https://miracledetail.co.uk/wp-content/uploads/2016/12/gal-659-IMG_073400001.jpg
https://miracledetail.co.uk/gallery/bmw-530d-145000-miles-on-the-clock/,200,BMW 530d 145000 miles on the clock - Miracle Detail,BMW 530d 145000 miles on the clock,,0,80,11,,"index, follow, max-snippet:-1, max-image-preview:large, max-video-preview:-1",https://miracledetail.co.uk/wp-content/uploads/2016/12/gal-665-IMG_3484.jpg
https://miracledetail.co.uk/gallery/bmw-840i/,200,BMW 840i Car Detailed - Miracle Detail,BMW 840i Car Detailed,,0,1,8,,"index, follow, max-snippet:-1, max-image-preview:large, max-video-preview:-1",https://miracledetail.co.uk/wp-content/uploads/2017/05/DSC01986.jpg
https://miracledetail.co.uk/gallery/bmw-alpina-5-series-estate/,200,BMW Alpina 5 series estate - Miracle Detail,BMW Alpina 5 series estate,,0,8,9,,"index, follow, max-snippet:-1, max-image-preview:large, max-video-preview:-1",https://miracledetail.co.uk/wp-content/uploads/2016/12/gal-583-DSC04311.jpg
https://miracledetail.co.uk/gallery/bmw-e39-m5/,200,BMW E39 M5 - Miracle Detail,BMW E39 M5,,0,4,7,,"index, follow, max-snippet:-1, max-image-preview:large, max-video-preview:-1",https://miracledetail.co.uk/wp-content/uploads/2016/12/gal-661-IMG_3568.jpg
https://miracledetail.co.uk/gallery/bmw-e46-m3/,200,BMW E46 M3 - Miracle Detail,BMW E46 M3,,0,15,7,,"index, follow, max-snippet:-1, max-image-preview:large, max-video-preview:-1",https://miracledetail.co.uk/wp-content/uploads/2016/12/gal-584-DSC01481.jpg
https://miracledetail.co.uk/gallery/bmw-e60-m5/,200,BMW E60 M5 - Miracle Detail,BMW E60 M5,,0,18,7,,"index, follow, max-snippet:-1, max-image-preview:large, max-video-preview:-1",https://miracledetail.co.uk/wp-content/uploads/2016/12/gal-586-IMG_5746.jpg
https://miracledetail.co.uk/gallery/bmw-e63-m6/,200,BMW E63 M6 - Miracle Detail,BMW E63 M6,,0,18,7,,"index, follow, max-snippet:-1, max-image-preview:large, max-video-preview:-1",https://miracledetail.co.uk/wp-content/uploads/2016/12/gal-587-IMG_8579.jpg
https://miracledetail.co.uk/gallery/bmw-m135i-in-estoril-blue/,200,BMW M135i in Estoril blue - Miracle Detail,BMW M135i in Estoril blue,,0,55,9,,"index, follow, max-snippet:-1, max-image-preview:large, max-video-preview:-1",https://miracledetail.co.uk/wp-content/uploads/2016/12/gal-582-DSC08170.jpg
https://miracledetail.co.uk/gallery/bmw-m3-mineral-white/,200,BMW M3 in mineral white - ceramic glass coating - Miracle Detail,BMW M3 in mineral white – ceramic glass coating,,0,5,13,New car detail with Gtechniq coating,"index, follow, max-snippet:-1, max-image-preview:large, max-video-preview:-1",https://miracledetail.co.uk/wp-content/uploads/2016/12/DSC09428.jpg
https://miracledetail.co.uk/gallery/bmw-m4/,200,BMW M4 - Finished with Modesta BC-05 - Miracle Detail,BMW M4 – Finished with Modesta BC-05,,0,1,11,2 day Ultimate detail carried out and protected with Modesta BC-05 and BC-06 on the wheels,"index, follow, max-snippet:-1, max-image-preview:large, max-video-preview:-1",https://miracledetail.co.uk/wp-content/uploads/2017/05/DSC01903.jpg
https://miracledetail.co.uk/gallery/bmw-m5-e39/,200,BMW M5 E39 - Miracle Detail,BMW M5 E39,,0,127,7,,"index, follow, max-snippet:-1, max-image-preview:large, max-video-preview:-1",https://miracledetail.co.uk/wp-content/uploads/2016/12/gal-585-IMG_0940.jpg
https://miracledetail.co.uk/gallery/bmw-x5/,200,BMW X5 - Miracle Detail,BMW X5,,0,54,6,,"index, follow, max-snippet:-1, max-image-preview:large, max-video-preview:-1",https://miracledetail.co.uk/wp-content/uploads/2016/12/gal-568-DSC08094.jpg
https://miracledetail.co.uk/gallery/bmw-z4/,200,BMW Z4 - Miracle Detail,BMW Z4,,0,86,6,,"index, follow, max-snippet:-1, max-image-preview:large, max-video-preview:-1",https://miracledetail.co.uk/wp-content/uploads/2016/12/gal-588-IMG_7921.jpg
https://miracledetail.co.uk/gallery/brand-new-bmw-m5-with-modesta-bc-05/,200,Brand new BMW M5 with Modesta BC-05 - Miracle Detail,Brand new BMW M5 with Modesta BC-05,,0,21,11,,"index, follow, max-snippet:-1, max-image-preview:large, max-video-preview:-1",https://miracledetail.co.uk/wp-content/uploads/2016/12/gal-581-1266220_554392217942828_1844613123_o.jpg
https://miracledetail.co.uk/gallery/bugatti-veyron-black-metallic-and-dark-green-metallic/,200,Bugatti Veyron (Black Metallic and Dark Green Metallic) - Miracle Detail,Bugatti Veyron (Black Metallic and Dark Green Metallic),,0,51,12,,"index, follow, max-snippet:-1, max-image-preview:large, max-video-preview:-1",https://miracledetail.co.uk/wp-content/uploads/2016/12/gal-618-0000.jpg
https://miracledetail.co.uk/gallery/bugatti-veyron-black-metallic-and-jet-black/,200,Bugatti Veyron (Black Metallic and Jet black) - Miracle Detail,Bugatti Veyron (Black Metallic and Jet black),,0,54,11,,"index, follow, max-snippet:-1, max-image-preview:large, max-video-preview:-1",https://miracledetail.co.uk/wp-content/uploads/2016/12/gal-619-IMG_3000.jpg
https://miracledetail.co.uk/gallery/bugatti-veyron-jet-black/,200,Bugatti Veyron (Jet Black) - Miracle Detail,Bugatti Veyron (Jet Black),,0,42,8,,"index, follow, max-snippet:-1, max-image-preview:large, max-video-preview:-1",https://miracledetail.co.uk/wp-content/uploads/2016/12/gal-620-IMG_6900.jpg
https://miracledetail.co.uk/gallery/bugatti-veyron-pearl-white-and-light-gold-metallic-detailed-in-kuwait/,200,Bugatti Veyron (Pearl white and light gold metallic) - Detailed in Kuwait - Miracle Detail,Bugatti Veyron (Pearl white and light gold metallic) – Detailed in Kuwait,,0,50,16,,"index, follow, max-snippet:-1, max-image-preview:large, max-video-preview:-1",https://miracledetail.co.uk/wp-content/uploads/2016/12/gal-621-IMG_8045.jpg
https://miracledetail.co.uk/gallery/bugatti-veyron-violet-metallic/,200,Bugatti Veyron (Violet metallic) - Miracle Detail,Bugatti Veyron (Violet metallic),,0,39,8,,"index, follow, max-snippet:-1, max-image-preview:large, max-video-preview:-1",https://miracledetail.co.uk/wp-content/uploads/2016/12/gal-622-IMG_6250.jpg
https://miracledetail.co.uk/gallery/caterham-7-csr-260/,200,Caterham 7 - CSR 260 - Miracle Detail,Caterham 7 – CSR 260,,0,7,9,,"index, follow, max-snippet:-1, max-image-preview:large, max-video-preview:-1",https://miracledetail.co.uk/wp-content/uploads/2016/12/gal-589-DSC_0048.jpg
https://miracledetail.co.uk/gallery/ferrari-288gto/,200,Ferrari 288GTO - Miracle Detail,Ferrari 288GTO,,0,97,6,,"index, follow, max-snippet:-1, max-image-preview:large, max-video-preview:-1",https://miracledetail.co.uk/wp-content/uploads/2016/12/gal-540-DSC01070.jpg
https://miracledetail.co.uk/gallery/ferrari-296-gtb/,200,Ferrari 296 GTB - Miracle Detail,Ferrari 296 GTB,,0,48,7,"One day detail with two stage paintwork correction, Swissvax Crystal rock wax application, interior detail and windows with water repellant treatment.","index, follow, max-snippet:-1, max-image-preview:large, max-video-preview:-1",https://miracledetail.co.uk/wp-content/uploads/2023/07/IMG_6487-scaled-1.jpeg
https://miracledetail.co.uk/gallery/ferrari-458-speciale-in-yellow/,200,Ferrari 458 Speciale in yellow - Miracle Detail,Ferrari 458 Speciale in yellow,,0,6,9,,"index, follow, max-snippet:-1, max-image-preview:large, max-video-preview:-1",https://miracledetail.co.uk/wp-content/uploads/2016/12/GFW_74471-copy.jpg
https://miracledetail.co.uk/gallery/ferrari-458/,200,Ferrari 458 - Miracle Detail,Ferrari 458,,0,142,6,,"index, follow, max-snippet:-1, max-image-preview:large, max-video-preview:-1",https://miracledetail.co.uk/wp-content/uploads/2016/12/gal-623-DSC04681.jpg
https://miracledetail.co.uk/gallery/ferrari-599-gtb-avus-white-detailed-in-kuwait/,200,Ferrari 599 GTB (Avus white) - Detailed in Kuwait. - Miracle Detail,Ferrari 599 GTB (Avus white) – Detailed in Kuwait.,,0,74,13,,"index, follow, max-snippet:-1, max-image-preview:large, max-video-preview:-1",https://miracledetail.co.uk/wp-content/uploads/2016/12/gal-625-IMG_7000.jpg
https://miracledetail.co.uk/gallery/ferrari-599-gtb-black-metallic/,200,Ferrari 599 GTB (Black metallic) - Miracle Detail,Ferrari 599 GTB (Black metallic),,0,15,9,,"index, follow, max-snippet:-1, max-image-preview:large, max-video-preview:-1",https://miracledetail.co.uk/wp-content/uploads/2016/12/gal-626-IMG_1311.jpg
https://miracledetail.co.uk/gallery/ferrari-599-gtb-rosso-mugelio-detailed-in-hong-kong/,200,Ferrari 599 GTB (Rosso Mugelio) - Detailed in Hong Kong. - Miracle Detail,Ferrari 599 GTB (Rosso Mugelio) – Detailed in Hong Kong.,,0,29,14,,"index, follow, max-snippet:-1, max-image-preview:large, max-video-preview:-1",https://miracledetail.co.uk/wp-content/uploads/2016/12/gal-627-IMG_4649.jpg
https://miracledetail.co.uk/gallery/ferrari-599-gto-detailed-portugal/,200,Ferrari 599 GTO detailed in Portugal - Miracle Detail,Ferrari 599 GTO detailed in Portugal,,0,1,10,,"index, follow, max-snippet:-1, max-image-preview:large, max-video-preview:-1",https://miracledetail.co.uk/wp-content/uploads/2017/03/DSC09338.jpg
https://miracledetail.co.uk/gallery/ferrari-612-in-metallic-black/,200,Ferrari 612 in metallic black - Miracle Detail,Ferrari 612 in metallic black,,0,123,9,,"index, follow, max-snippet:-1, max-image-preview:large, max-video-preview:-1",https://miracledetail.co.uk/wp-content/uploads/2016/12/gal-590-DSC03659.jpg
https://miracledetail.co.uk/gallery/ferrari-612-scaglietti/,200,Ferrari 612 Scaglietti - Miracle Detail,Ferrari 612 Scaglietti,,0,27,7,,"index, follow, max-snippet:-1, max-image-preview:large, max-video-preview:-1",https://miracledetail.co.uk/wp-content/uploads/2016/12/gal-592-IMG_7769.jpg
https://miracledetail.co.uk/gallery/ferrari-612/,200,Ferrari 612 - Miracle Detail,Ferrari 612,,0,15,6,,"index, follow, max-snippet:-1, max-image-preview:large, max-video-preview:-1",https://miracledetail.co.uk/wp-content/uploads/2016/12/gal-591-IMG_8642.jpg
https://miracledetail.co.uk/gallery/ferrari-california/,200,Ferrari California - Miracle Detail,Ferrari California,,0,8,6,,"index, follow, max-snippet:-1, max-image-preview:large, max-video-preview:-1",https://miracledetail.co.uk/wp-content/uploads/2016/12/gal-624-IMG_9919.jpg
https://miracledetail.co.uk/gallery/ferrari-enzo-rossa-corsa/,200,Ferrari Enzo (Rossa Corsa) - Miracle Detail,Ferrari Enzo (Rossa Corsa),,0,17,8,,"index, follow, max-snippet:-1, max-image-preview:large, max-video-preview:-1",https://miracledetail.co.uk/wp-content/uploads/2016/12/gal-628-IMG_1119.jpg
https://miracledetail.co.uk/gallery/ferrari-f40/,200,Ferrari F40 - Detailed in Monaco - Miracle Detail,Ferrari F40 – Detailed in Monaco,,0,5,10,,"index, follow, max-snippet:-1, max-image-preview:large, max-video-preview:-1",https://miracledetail.co.uk/wp-content/uploads/2016/12/DSC00116-e1481749849403.jpg
https://miracledetail.co.uk/gallery/ferrari-f430-spider-grigio-silverstone/,200,Ferrari F430 Spider (Grigio Silverstone) - Miracle Detail,Ferrari F430 Spider (Grigio Silverstone),,0,32,9,,"index, follow, max-snippet:-1, max-image-preview:large, max-video-preview:-1",https://miracledetail.co.uk/wp-content/uploads/2016/12/gal-629-IMG_5400.jpg
https://miracledetail.co.uk/gallery/ferrari-f430-spider-rosso-corsa/,200,Ferrari F430 Spider (Rosso Corsa) - Miracle Detail,Ferrari F430 Spider (Rosso Corsa),,0,32,9,,"index, follow, max-snippet:-1, max-image-preview:large, max-video-preview:-1",https://miracledetail.co.uk/wp-content/uploads/2016/12/gal-630-IMG_5007.jpg
https://miracledetail.co.uk/gallery/ferrari-f8-tributo-car-detailing/,200,Ferrari F8 Tributo - Miracle Detail,Ferrari F8 Tributo,,0,5,7,,"index, follow, max-snippet:-1, max-image-preview:large, max-video-preview:-1",https://miracledetail.co.uk/wp-content/uploads/2021/11/0BD69F9C-9509-459C-AC8F-9FADE7F390DD.jpg
https://miracledetail.co.uk/gallery/ferrari-tdf/,200,Ferrari TDF detailed in Portugal - Miracle Detail,Ferrari TDF detailed in Portugal,,0,117,9,Ferrari TDF detailed in Portugal over 5 days. Finished with Modesta BC-05.,"index, follow, max-snippet:-1, max-image-preview:large, max-video-preview:-1",https://miracledetail.co.uk/wp-content/uploads/2017/03/1.jpg
https://miracledetail.co.uk/gallery/ford-focus-rs-in-ultimate-green/,200,Ford Focus RS in Ultimate green - Miracle Detail,Ford Focus RS in Ultimate green,,0,101,10,,"index, follow, max-snippet:-1, max-image-preview:large, max-video-preview:-1",https://miracledetail.co.uk/wp-content/uploads/2016/12/gal-593-DSC02749.jpg
https://miracledetail.co.uk/gallery/ford-focus-rs-white/,200,Ford Focus RS (White) - Miracle Detail,Ford Focus RS (White),,0,1,8,,"index, follow, max-snippet:-1, max-image-preview:large, max-video-preview:-1",https://miracledetail.co.uk/wp-content/uploads/2016/12/gal-594-IMG_8264.jpg
https://miracledetail.co.uk/gallery/ford-focus-rs/,200,Ford Focus RS - Miracle Detail,Ford Focus RS,,0,0,7,,"index, follow, max-snippet:-1, max-image-preview:large, max-video-preview:-1",
https://miracledetail.co.uk/gallery/honda-nsx-in-red/,200,Honda NSX in red - Miracle Detail,Honda NSX in red,,0,42,8,,"index, follow, max-snippet:-1, max-image-preview:large, max-video-preview:-1",https://miracledetail.co.uk/wp-content/uploads/2016/12/gal-555-IMG_3706.jpg
https://miracledetail.co.uk/gallery/jaguar-f-type-400/,200,Jaguar F-Type 400 - Miracle Detail,Jaguar F-Type 400,,0,35,7,,"index, follow, max-snippet:-1, max-image-preview:large, max-video-preview:-1",https://miracledetail.co.uk/wp-content/uploads/2021/11/0DA0299D-D89D-4EC3-BB63-CD124A5EF001.jpg
https://miracledetail.co.uk/gallery/jaguar-s-type-r-in-jet-black/,200,Jaguar S Type R in jet black - Miracle Detail,Jaguar S Type R in jet black,,0,66,11,,"index, follow, max-snippet:-1, max-image-preview:large, max-video-preview:-1",https://miracledetail.co.uk/wp-content/uploads/2016/12/gal-598-IMG_3947.jpg
https://miracledetail.co.uk/gallery/jaguar-xf-in-metallic-green/,200,Jaguar XF in metallic green - Miracle Detail,Jaguar XF in metallic green,,0,105,9,,"index, follow, max-snippet:-1, max-image-preview:large, max-video-preview:-1",https://miracledetail.co.uk/wp-content/uploads/2016/12/gal-565-DSC05719.jpg
https://miracledetail.co.uk/gallery/jaguar-xjl-in-dark-metallic-blue/,200,Jaguar XJL in dark metallic blue - Miracle Detail,Jaguar XJL in dark metallic blue,,0,127,10,,"index, follow, max-snippet:-1, max-image-preview:large, max-video-preview:-1",https://miracledetail.co.uk/wp-content/uploads/2016/12/gal-564-DSC05529.jpg
https://miracledetail.co.uk/gallery/jaguar-xkr-in-red/,200,Jaguar XKR in red - Miracle Detail,Jaguar XKR in red,,0,103,8,,"index, follow, max-snippet:-1, max-image-preview:large, max-video-preview:-1",https://miracledetail.co.uk/wp-content/uploads/2016/12/gal-596-DSC03077.jpg
https://miracledetail.co.uk/gallery/jaguar-xkr-in-ultimate-black/,200,Jaguar XKR in ultimate black - Miracle Detail,Jaguar XKR in ultimate black,,0,44,9,,"index, follow, max-snippet:-1, max-image-preview:large, max-video-preview:-1",https://miracledetail.co.uk/wp-content/uploads/2016/12/gal-597-IMG_2896.jpg
https://miracledetail.co.uk/gallery/jaguar-xkr-in-white/,200,Jaguar XKR in white - Miracle Detail,Jaguar XKR in white,,0,101,8,,"index, follow, max-snippet:-1, max-image-preview:large, max-video-preview:-1",https://miracledetail.co.uk/wp-content/uploads/2016/12/gal-595-DSC00201.jpg
https://miracledetail.co.uk/gallery/koenigsegg-ccr-ninja-green/,200,Koenigsegg CCR (Ninja Green) - Miracle Detail,Koenigsegg CCR (Ninja Green),,0,14,8,,"index, follow, max-snippet:-1, max-image-preview:large, max-video-preview:-1",https://miracledetail.co.uk/wp-content/uploads/2016/12/gal-631-IMG_1000.jpg
https://miracledetail.co.uk/gallery/koenigsegg-ccr-special-order-colour/,200,Koenigsegg CCR (Special order colour) - Miracle Detail,Koenigsegg CCR (Special order colour),,0,10,9,,"index, follow, max-snippet:-1, max-image-preview:large, max-video-preview:-1",https://miracledetail.co.uk/wp-content/uploads/2016/12/gal-632-IMG_0379.jpg
https://miracledetail.co.uk/gallery/koenigsegg-ccx-cobalt-blue/,200,Koenigsegg CCX (Cobalt Blue) - Miracle Detail,Koenigsegg CCX (Cobalt Blue),,0,51,8,,"index, follow, max-snippet:-1, max-image-preview:large, max-video-preview:-1",https://miracledetail.co.uk/wp-content/uploads/2016/12/gal-633-IMG_8000.jpg
https://miracledetail.co.uk/gallery/koenigsegg-ccx-gun-barrel-grey/,200,Koenigsegg CCX (Gun Barrel Grey) - Miracle Detail,Koenigsegg CCX (Gun Barrel Grey),,0,48,9,,"index, follow, max-snippet:-1, max-image-preview:large, max-video-preview:-1",https://miracledetail.co.uk/wp-content/uploads/2016/12/gal-634-IMG_2000.jpg
https://miracledetail.co.uk/gallery/koenigsegg-ccx-r-edition-clear-coated-carbon-fibre/,200,Koenigsegg CCX-R EDITION ( Clear coated Carbon Fibre) - Miracle Detail,Koenigsegg CCX-R EDITION ( Clear coated Carbon Fibre),,0,78,12,,"index, follow, max-snippet:-1, max-image-preview:large, max-video-preview:-1",https://miracledetail.co.uk/wp-content/uploads/2016/12/gal-635-IMG_0029.jpg
https://miracledetail.co.uk/gallery/la-ferrari-detailed-monaco/,200,La Ferrari - Detailed in Monaco - Miracle Detail,La Ferrari – Detailed in Monaco,,0,3,10,,"index, follow, max-snippet:-1, max-image-preview:large, max-video-preview:-1",https://miracledetail.co.uk/wp-content/uploads/2016/12/DSC00188-e1481750592871.jpg
https://miracledetail.co.uk/gallery/la-ferrari/,200,La Ferrari - Miracle Detail,La Ferrari,,0,13,6,,"index, follow, max-snippet:-1, max-image-preview:large, max-video-preview:-1",https://miracledetail.co.uk/wp-content/uploads/2016/12/gal-668-10722211_10152752466847860_1451723568_o.jpg
https://miracledetail.co.uk/gallery/lamborghini-gallardo-blue-caelum-metallic/,200,Lamborghini Gallardo (Blue Caelum Metallic) - Miracle Detail,Lamborghini Gallardo (Blue Caelum Metallic),,0,2,9,,"index, follow, max-snippet:-1, max-image-preview:large, max-video-preview:-1",https://miracledetail.co.uk/wp-content/uploads/2016/12/gal-636-IMG_6478.jpg
https://miracledetail.co.uk/gallery/lamborghini-gallardo-lp-560-white/,200,Lamborghini Gallardo LP-560 (White) - Miracle Detail,Lamborghini Gallardo LP-560 (White),,0,15,8,,"index, follow, max-snippet:-1, max-image-preview:large, max-video-preview:-1",https://miracledetail.co.uk/wp-content/uploads/2016/12/gal-637-IMG_1000.jpg
https://miracledetail.co.uk/gallery/lamborghini-gallardo-lp560-spider-in-white/,200,Lamborghini Gallardo LP560 Spider in white - Miracle Detail,Lamborghini Gallardo LP560 Spider in white,,0,4,10,,"index, follow, max-snippet:-1, max-image-preview:large, max-video-preview:-1",https://miracledetail.co.uk/wp-content/uploads/2016/12/gal-638-IMG_0637.jpg
https://miracledetail.co.uk/gallery/lamborghini-gallardo-spyder-yellow/,200,Lamborghini Gallardo Spyder (Yellow) - Miracle Detail,Lamborghini Gallardo Spyder (Yellow),,0,63,8,,"index, follow, max-snippet:-1, max-image-preview:large, max-video-preview:-1",https://miracledetail.co.uk/wp-content/uploads/2016/12/gal-639-IMG_2400.jpg
https://miracledetail.co.uk/gallery/lamborghini-murcielago-40th-anniversary-edition/,200,Lamborghini Murcielago - 40th Anniversary Edition - Miracle Detail,Lamborghini Murcielago – 40th Anniversary Edition,,0,14,10,,"index, follow, max-snippet:-1, max-image-preview:large, max-video-preview:-1",https://miracledetail.co.uk/wp-content/uploads/2016/12/gal-640-DSCN3200.jpg
https://miracledetail.co.uk/gallery/lamborghini-murcielago-lp-640-roadster-nero-pegaso/,200,Lamborghini Murcielago - LP-640 Roadster (Nero Pegaso) - Miracle Detail,Lamborghini Murcielago – LP-640 Roadster (Nero Pegaso),,0,30,11,,"index, follow, max-snippet:-1, max-image-preview:large, max-video-preview:-1",https://miracledetail.co.uk/wp-content/uploads/2016/12/gal-641-IMG_9107.jpg
https://miracledetail.co.uk/gallery/lamborghini-murcielago-lp-640-versace-edition-1-of-20/,200,Lamborghini Murcielago - LP-640  Versace Edition 1 of 20 - Miracle Detail,Lamborghini Murcielago – LP-640  Versace Edition 1 of 20,,0,22,13,,"index, follow, max-snippet:-1, max-image-preview:large, max-video-preview:-1",https://miracledetail.co.uk/wp-content/uploads/2016/12/gal-552-IMG_6108.jpg
https://miracledetail.co.uk/gallery/lotus-elise-s/,200,Lotus Elise S - Miracle Detail,Lotus Elise S,,0,21,7,"Ultimate detail with 2 stage correction, dual ceramic layers of Labocosmetica coating, wheels ceramic coated inside and out inc calipers, arches cleaned, interior detail with leather and steering wheel deep cleaned, ppf application to whole front end and side sills.","index, follow, max-snippet:-1, max-image-preview:large, max-video-preview:-1",https://miracledetail.co.uk/wp-content/uploads/2023/07/IMG_9354.jpg
https://miracledetail.co.uk/gallery/lotus-emira-2/,200,Lotus Emira - Miracle Detail,Lotus Emira,,0,35,6,"Ultimate Detail with 2 stage correction, Labocosmetica coatings applied, wheels removed and ceramic coated inside and out inc calipers, water spots removed from door shuts, window water repellant treatment, and interior detail.","index, follow, max-snippet:-1, max-image-preview:large, max-video-preview:-1",https://miracledetail.co.uk/wp-content/uploads/2023/07/IMG_9161.jpg
https://miracledetail.co.uk/gallery/lotus-emira/,200,Lotus Emira - Miracle Detail,Lotus Emira,,0,35,6,Ultimate detail with Labocosmetica coatings applied and PPF application to front end roof and side sills. Wheels and calipers also protected with Labocosmetica coatings,"index, follow, max-snippet:-1, max-image-preview:large, max-video-preview:-1",https://miracledetail.co.uk/wp-content/uploads/2023/07/IMG_9673-scaled-1.jpeg
https://miracledetail.co.uk/gallery/maserati-gran-turismo-s-detailed-in-jersey-channel-islands/,200,"Maserati Gran Turismo S - Detailed in Jersey, Channel Islands. - Miracle Detail","Maserati Gran Turismo S – Detailed in Jersey, Channel Islands.",,0,40,14,,"index, follow, max-snippet:-1, max-image-preview:large, max-video-preview:-1",https://miracledetail.co.uk/wp-content/uploads/2016/12/gal-642-IMG_6000.jpg
https://miracledetail.co.uk/gallery/maserati-quattroporte-sport-gt/,200,Maserati Quattroporte Sport GT - Miracle Detail,Maserati Quattroporte Sport GT,,0,24,8,,"index, follow, max-snippet:-1, max-image-preview:large, max-video-preview:-1",https://miracledetail.co.uk/wp-content/uploads/2016/12/gal-566-IMG_9686.jpg
https://miracledetail.co.uk/gallery/mclaren-f1/,200,McLaren F1 - Miracle Detail,McLaren F1,,0,115,6,,"index, follow, max-snippet:-1, max-image-preview:large, max-video-preview:-1",https://miracledetail.co.uk/wp-content/uploads/2016/12/gal-645-IMG_1909.jpg
https://miracledetail.co.uk/gallery/mclaren-mp4-12c-in-silver/,200,McLaren MP4 12c in silver - Miracle Detail,McLaren MP4 12c in silver,,0,86,9,,"index, follow, max-snippet:-1, max-image-preview:large, max-video-preview:-1",https://miracledetail.co.uk/wp-content/uploads/2016/12/gal-644-DSC02001.jpg
https://miracledetail.co.uk/gallery/mclaren-mp4-12c-in-volcano-red/,200,Mclaren MP4-12c in Volcano red - Miracle Detail,Mclaren MP4-12c in Volcano red,,0,210,9,,"index, follow, max-snippet:-1, max-image-preview:large, max-video-preview:-1",https://miracledetail.co.uk/wp-content/uploads/2016/12/gal-643-DSC00998.jpg
https://miracledetail.co.uk/gallery/mercedes-c63-amg-brand-new-car-in-for-ultimate-detail/,200,Mercedes C63 AMG - Brand new car in for Ultimate Detail - Miracle Detail,Mercedes C63 AMG – Brand new car in for Ultimate Detail,,0,114,15,,"index, follow, max-snippet:-1, max-image-preview:large, max-video-preview:-1",https://miracledetail.co.uk/wp-content/uploads/2016/12/gal-614-DSC00002.jpg
https://miracledetail.co.uk/gallery/mercedes-e63-amg/,200,Mercedes E63 AMG - Miracle Detail,Mercedes E63 AMG,,0,4,7,"30 hour detail on this stunning white Mercedes E63 AMG, finished with Modesta BC-04 and BC-06 on the wheels. Interior detail and leather renovation.","index, follow, max-snippet:-1, max-image-preview:large, max-video-preview:-1",https://miracledetail.co.uk/wp-content/uploads/2017/09/IMG_6172.jpg
https://miracledetail.co.uk/gallery/mercedes-s600-pullman/,200,Mercedes S600 Pullman - Miracle Detail,Mercedes S600 Pullman,,0,1,7,,"index, follow, max-snippet:-1, max-image-preview:large, max-video-preview:-1",https://miracledetail.co.uk/wp-content/uploads/2018/06/IMG_9561.jpg
https://miracledetail.co.uk/gallery/mercedes-slr-mclaren-silver/,200,Mercedes SLR McLaren (Silver) - Miracle Detail,Mercedes SLR McLaren (Silver),,0,15,8,,"index, follow, max-snippet:-1, max-image-preview:large, max-video-preview:-1",https://miracledetail.co.uk/wp-content/uploads/2016/12/gal-646-DSCN0549.jpg
https://miracledetail.co.uk/gallery/mini-gp/,200,Mini GP - Miracle Detail,Mini GP,,0,96,6,,"index, follow, max-snippet:-1, max-image-preview:large, max-video-preview:-1",https://miracledetail.co.uk/wp-content/uploads/2016/12/gal-615-DSC06161.jpg
https://miracledetail.co.uk/gallery/miracle-detail-vw-caddy-van-project/,200,Miracle Detail VW caddy van project - Miracle Detail,Miracle Detail VW caddy van project,,0,201,10,,"index, follow, max-snippet:-1, max-image-preview:large, max-video-preview:-1",https://miracledetail.co.uk/wp-content/uploads/2017/09/1.jpg
https://miracledetail.co.uk/gallery/morgan-aeromax-liquid-mercury/,200,Morgan Aeromax (Liquid Mercury) - Miracle Detail,Morgan Aeromax (Liquid Mercury),,0,40,8,,"index, follow, max-snippet:-1, max-image-preview:large, max-video-preview:-1",https://miracledetail.co.uk/wp-content/uploads/2016/12/gal-647-IMG_5673.jpg
https://miracledetail.co.uk/gallery/mosler-mt900s-purple/,200,Mosler MT900S (Purple) - Miracle Detail,Mosler MT900S (Purple),,0,2,7,,"index, follow, max-snippet:-1, max-image-preview:large, max-video-preview:-1",https://miracledetail.co.uk/wp-content/uploads/2016/12/gal-648-IMG.jpg
https://miracledetail.co.uk/gallery/mv-agusta-dragster-800rr/,200,MV Agusta dragster 800RR - Miracle Detail,MV Agusta dragster 800RR,,0,2,8,MV Agusta dragster protected with Modesta BC-06 and BCo5 glass coating. All plastics also coated.,"index, follow, max-snippet:-1, max-image-preview:large, max-video-preview:-1",https://miracledetail.co.uk/wp-content/uploads/2017/09/DSC03796.jpg
https://miracledetail.co.uk/gallery/nissan-gtr-2011-in-metallic-blue/,200,Nissan GTR 2011 in Metallic Blue - Miracle Detail,Nissan GTR 2011 in Metallic Blue,,0,12,10,,"index, follow, max-snippet:-1, max-image-preview:large, max-video-preview:-1",https://miracledetail.co.uk/wp-content/uploads/2016/12/gal-556-IMG_0397.jpg
https://miracledetail.co.uk/gallery/nissan-gtr-2012-dark-metallic-grey/,200,NIssan GTR 2012 - Dark metallic grey - Miracle Detail,NIssan GTR 2012 – Dark metallic grey,,0,18,11,,"index, follow, max-snippet:-1, max-image-preview:large, max-video-preview:-1",https://miracledetail.co.uk/wp-content/uploads/2016/12/gal-557-IMG_1277.jpg
https://miracledetail.co.uk/gallery/nissan-r35-gtr-dark-metallic-grey/,200,Nissan R35 GTR - Dark Metallic Grey - Miracle Detail,Nissan R35 GTR – Dark Metallic Grey,,0,51,11,,"index, follow, max-snippet:-1, max-image-preview:large, max-video-preview:-1",https://miracledetail.co.uk/wp-content/uploads/2016/12/gal-558-IMG_4800.jpg
https://miracledetail.co.uk/gallery/pagani-zonda-f-clubsport-final-edition-full-carbon-1-of-25/,200,Pagani Zonda F - Clubsport Final Edition Full carbon 1 of 25 - Miracle Detail,Pagani Zonda F – Clubsport Final Edition Full carbon 1 of 25,,0,57,16,,"index, follow, max-snippet:-1, max-image-preview:large, max-video-preview:-1",https://miracledetail.co.uk/wp-content/uploads/2016/12/gal-554-IMG_6370.jpg
https://miracledetail.co.uk/gallery/pagani-zonda-f/,200,Pagani Zonda F - Miracle Detail,Pagani Zonda F,,0,15,7,,"index, follow, max-snippet:-1, max-image-preview:large, max-video-preview:-1",https://miracledetail.co.uk/wp-content/uploads/2016/12/gal-649-IMG_5044.jpg
https://miracledetail.co.uk/gallery/pagani-zonda-tricolore-in-full-carbon-1-of-3-coming-soon/,200,Pagani Zonda - Tricolore in full carbon 1 of 3 (coming soon) - Miracle Detail,Pagani Zonda – Tricolore in full carbon 1 of 3 (coming soon),,0,22,16,,"index, follow, max-snippet:-1, max-image-preview:large, max-video-preview:-1",https://miracledetail.co.uk/wp-content/uploads/2016/12/gal-553-IMG_6014.jpg
https://miracledetail.co.uk/gallery/porsche-911-turbo-split-rims/,200,Porsche 911 Turbo split rims - Miracle Detail,Porsche 911 Turbo split rims,,0,6,9,,"index, follow, max-snippet:-1, max-image-preview:large, max-video-preview:-1",https://miracledetail.co.uk/wp-content/uploads/2016/12/gal-656-IMG_2531.jpg
https://miracledetail.co.uk/gallery/porsche-911-turbo/,200,Porsche 911 Turbo - Miracle Detail,Porsche 911 Turbo,,0,13,7,,"index, follow, max-snippet:-1, max-image-preview:large, max-video-preview:-1",https://miracledetail.co.uk/wp-content/uploads/2016/12/gal-660-IMG_0588.jpg
https://miracledetail.co.uk/gallery/porsche-993-rs-cup/,200,Porsche 993 RS Cup - Miracle Detail,Porsche 993 RS Cup,,0,16,8,,"index, follow, max-snippet:-1, max-image-preview:large, max-video-preview:-1",https://miracledetail.co.uk/wp-content/uploads/2016/12/gal-611-IMG_0851.jpg
https://miracledetail.co.uk/gallery/porsche-993-turbo/,200,Porsche 993 Turbo - Miracle Detail,Porsche 993 Turbo,,0,16,7,,"index, follow, max-snippet:-1, max-image-preview:large, max-video-preview:-1",https://miracledetail.co.uk/wp-content/uploads/2016/12/gal-612-IMG_1745.jpg
https://miracledetail.co.uk/gallery/porsche-996-in-lapis-blue-with-125000-on-the-clock/,200,Porsche 996 in Lapis blue with 125000 on the clock - Miracle Detail,Porsche 996 in Lapis blue with 125000 on the clock,,0,37,14,,"index, follow, max-snippet:-1, max-image-preview:large, max-video-preview:-1",https://miracledetail.co.uk/wp-content/uploads/2016/12/gal-667-1008989_537715012943882_709773264_o.jpg
https://miracledetail.co.uk/gallery/porsche-997-c2s-cab/,200,Porsche 997 C2S cab - Miracle Detail,Porsche 997 C2S cab,,0,148,8,,"index, follow, max-snippet:-1, max-image-preview:large, max-video-preview:-1",https://miracledetail.co.uk/wp-content/uploads/2016/12/gal-600-DSC07005.jpg
https://miracledetail.co.uk/gallery/porsche-997-carrera-s/,200,Porsche 997 Carrera S - Miracle Detail,Porsche 997 Carrera S,,0,26,8,,"index, follow, max-snippet:-1, max-image-preview:large, max-video-preview:-1",https://miracledetail.co.uk/wp-content/uploads/2016/12/gal-610-DSC03427.jpg
https://miracledetail.co.uk/gallery/porsche-997-gt-2-white/,200,Porsche 997 GT-2 (White) - Miracle Detail,Porsche 997 GT-2 (White),,0,61,8,,"index, follow, max-snippet:-1, max-image-preview:large, max-video-preview:-1",https://miracledetail.co.uk/wp-content/uploads/2016/12/gal-604-IMG_0202.jpg
https://miracledetail.co.uk/gallery/porsche-997-gt3-gt-silver/,200,Porsche 997 GT3 (GT Silver) - Miracle Detail,Porsche 997 GT3 (GT Silver),,0,19,9,,"index, follow, max-snippet:-1, max-image-preview:large, max-video-preview:-1",https://miracledetail.co.uk/wp-content/uploads/2016/12/gal-605-IMG_9338.jpg
https://miracledetail.co.uk/gallery/porsche-997-gt3-rs/,200,Porsche 997 GT3-RS - Miracle Detail,Porsche 997 GT3-RS,,0,31,7,,"index, follow, max-snippet:-1, max-image-preview:large, max-video-preview:-1",https://miracledetail.co.uk/wp-content/uploads/2016/12/gal-606-IMG_3673.jpg
https://miracledetail.co.uk/gallery/porsche-997-gt3rs-4-litre-in-mexico-blue/,200,Porsche 997 GT3RS 4 litre in Mexico blue - Miracle Detail,Porsche 997 GT3RS 4 litre in Mexico blue,,0,62,12,,"index, follow, max-snippet:-1, max-image-preview:large, max-video-preview:-1",https://miracledetail.co.uk/wp-content/uploads/2016/12/gal-602-DSC00763.jpg
https://miracledetail.co.uk/gallery/porsche-997-gt3rs-in-blue/,200,Porsche 997 GT3RS in blue - Miracle Detail,Porsche 997 GT3RS in blue,,0,51,9,,"index, follow, max-snippet:-1, max-image-preview:large, max-video-preview:-1",https://miracledetail.co.uk/wp-content/uploads/2016/12/gal-603-DSC01853.jpg
https://miracledetail.co.uk/gallery/porsche-997-turbo-cab-in-basalt-black/,200,Porsche 997 Turbo cab in basalt black - Miracle Detail,Porsche 997 Turbo cab in basalt black,,0,92,11,,"index, follow, max-snippet:-1, max-image-preview:large, max-video-preview:-1",https://miracledetail.co.uk/wp-content/uploads/2016/12/gal-601-DSC04348.jpg
https://miracledetail.co.uk/gallery/porsche-997-turbo-cabriolet-basalt-black/,200,Porsche 997 Turbo Cabriolet (Basalt black) - Miracle Detail,Porsche 997 Turbo Cabriolet (Basalt black),,0,58,10,,"index, follow, max-snippet:-1, max-image-preview:large, max-video-preview:-1",https://miracledetail.co.uk/wp-content/uploads/2016/12/gal-609-IMG_6500.jpg
https://miracledetail.co.uk/gallery/porsche-997-turbo-cabriolet/,200,Porsche 997 Turbo Cabriolet - Miracle Detail,Porsche 997 Turbo Cabriolet,,0,24,8,,"index, follow, max-snippet:-1, max-image-preview:large, max-video-preview:-1",https://miracledetail.co.uk/wp-content/uploads/2016/12/gal-608-IMG_6089.jpg
https://miracledetail.co.uk/gallery/porsche-997-turbo-carrera-white/,200,Porsche 997 Turbo (Carrera White) - Miracle Detail,Porsche 997 Turbo (Carrera White),,0,49,9,,"index, follow, max-snippet:-1, max-image-preview:large, max-video-preview:-1",https://miracledetail.co.uk/wp-content/uploads/2016/12/gal-607-IMG_3001.jpg
https://miracledetail.co.uk/gallery/porsche-boxster-s-gt-silver/,200,Porsche Boxster S (GT Silver) - Miracle Detail,Porsche Boxster S (GT Silver),,0,23,9,,"index, follow, max-snippet:-1, max-image-preview:large, max-video-preview:-1",https://miracledetail.co.uk/wp-content/uploads/2016/12/gal-613-IMG_0507.jpg
https://miracledetail.co.uk/gallery/porsche-boxster-s/,200,Porsche Boxster S - Miracle Detail,Porsche Boxster S,,0,28,7,,"index, follow, max-snippet:-1, max-image-preview:large, max-video-preview:-1",https://miracledetail.co.uk/wp-content/uploads/2016/12/gal-599-IMG_8790.jpg
https://miracledetail.co.uk/gallery/porsche-carrera-gt-gt-silver/,200,Porsche Carrera GT (GT Silver) - Miracle Detail,Porsche Carrera GT (GT Silver),,0,21,9,,"index, follow, max-snippet:-1, max-image-preview:large, max-video-preview:-1",https://miracledetail.co.uk/wp-content/uploads/2016/12/gal-650-001.jpg
https://miracledetail.co.uk/gallery/porsche-carrera-gt-in-jet-black/,200,Porsche Carrera GT in jet black - Miracle Detail,Porsche Carrera GT in jet black,,0,28,10,,"index, follow, max-snippet:-1, max-image-preview:large, max-video-preview:-1",https://miracledetail.co.uk/wp-content/uploads/2016/12/gal-651-IMG_5258.jpg
https://miracledetail.co.uk/gallery/porsche-gt3rs-bonnet-and-bumper-repair-and-repaint/,200,Porsche GT3RS Bonnet and bumper repair and repaint - Miracle Detail,Porsche GT3RS Bonnet and bumper repair and repaint,,0,21,12,,"index, follow, max-snippet:-1, max-image-preview:large, max-video-preview:-1",https://miracledetail.co.uk/wp-content/uploads/2016/12/gal-663-P1130631.jpg
https://miracledetail.co.uk/gallery/porsche-turbo-964/,200,Porsche Turbo 964 - Miracle Detail,Porsche Turbo 964,,0,40,7,,"index, follow, max-snippet:-1, max-image-preview:large, max-video-preview:-1",https://miracledetail.co.uk/wp-content/uploads/2016/12/gal-549-IMG_0588.jpg
https://miracledetail.co.uk/gallery/renault-clio-williams/,200,Renault Clio Williams - Miracle Detail,Renault Clio Williams,,0,56,7,,"index, follow, max-snippet:-1, max-image-preview:large, max-video-preview:-1",https://miracledetail.co.uk/wp-content/uploads/2016/12/gal-550-IMG_0743.jpg
https://miracledetail.co.uk/gallery/rolls-royce-silver-dawn/,200,Rolls Royce Silver Dawn - Miracle Detail,Rolls Royce Silver Dawn,,0,87,8,,"index, follow, max-snippet:-1, max-image-preview:large, max-video-preview:-1",https://miracledetail.co.uk/wp-content/uploads/2016/12/gal-541-IMG_2404.jpg
https://miracledetail.co.uk/gallery/rolls-royce-wraith/,200,Rolls Royce Wraith - Miracle Detail,Rolls Royce Wraith,,0,1,7,60 hour detail with Modesta and Max protect coatings and Xpel PPF protecting the front end and lower side sills.,"index, follow, max-snippet:-1, max-image-preview:large, max-video-preview:-1",https://miracledetail.co.uk/wp-content/uploads/2017/03/DSC09885.jpg
https://miracledetail.co.uk/gallery/spyker-c8-laviolette-black/,200,Spyker C8 Laviolette (Black) - Miracle Detail,Spyker C8 Laviolette (Black),,0,11,8,,"index, follow, max-snippet:-1, max-image-preview:large, max-video-preview:-1",https://miracledetail.co.uk/wp-content/uploads/2016/12/gal-652-IMG_8576.jpg
https://miracledetail.co.uk/gallery/spyker-c8-laviolette-silver/,200,Spyker C8 Laviolette (Silver) - Miracle Detail,Spyker C8 Laviolette (Silver),,0,8,8,,"index, follow, max-snippet:-1, max-image-preview:large, max-video-preview:-1",https://miracledetail.co.uk/wp-content/uploads/2016/12/gal-653-IMG_2701.jpg
https://miracledetail.co.uk/gallery/spyker-d12-peking-to-paris/,200,Spyker D12  Peking-to-Paris - Miracle Detail,Spyker D12  Peking-to-Paris,,0,30,7,,"index, follow, max-snippet:-1, max-image-preview:large, max-video-preview:-1",https://miracledetail.co.uk/wp-content/uploads/2016/12/gal-654-IMG_8719.jpg
https://miracledetail.co.uk/gallery/tvr-tuscan-s/,200,TVR Tuscan S - Miracle Detail,TVR Tuscan S,,0,27,7,,"index, follow, max-snippet:-1, max-image-preview:large, max-video-preview:-1",https://miracledetail.co.uk/wp-content/uploads/2016/12/gal-616-IMG_2000.jpg
https://miracledetail.co.uk/gallery/vw-caddy-van-detailed/,200,VW Caddy Van in Portugal - Miracle Detail,VW Caddy Van in Portugal,,0,1,9,,"index, follow, max-snippet:-1, max-image-preview:large, max-video-preview:-1",https://miracledetail.co.uk/wp-content/uploads/2017/03/DSC00043-e1495403262333.jpg
https://miracledetail.co.uk/gallery/vw-golf-r-modesta-bc-04/,200,VW Golf R With Modesta BC-04 - Miracle Detail,VW Golf R With Modesta BC-04,,0,16,10,"25 Hour detail on this stunning new VW Golf R, finished with Modesta BC06 coating on the wheels, and Modesta BC04 glass coating on the paintwork","index, follow, max-snippet:-1, max-image-preview:large, max-video-preview:-1",https://miracledetail.co.uk/wp-content/uploads/2017/09/DSC03889.jpg
https://miracledetail.co.uk/gallery/vw-golf-r/,200,VW Golf R - Miracle Detail,VW Golf R,,0,1,7,,"index, follow, max-snippet:-1, max-image-preview:large, max-video-preview:-1",https://miracledetail.co.uk/wp-content/uploads/2017/07/DSC02889.jpg
