url,status,final_url,redirects,wp_type,in_sitemap,wp_modified,title,meta_desc,canonical,meta_robots,schema,h1_count,h1,h2,h3_count,words,imgs,imgs_no_alt,videos,internal_links,external_links,forms,ctas,og_image,md_file
https://miracledetailuk.detailersmovement.com/aftercare-washing-guide/,200,,,page,True,2026-09-13T05:38:53,Aftercare & Washing Guide – Miracle Detail,,https://miracledetailuk.detailersmovement.com/aftercare-washing-guide/,max-image-preview:large,,0,,Aftercare & Washing Guide | Look after your coating properly. | Why it matters | Before you start Never break them. | I | Never wash in direct sunlight | II | Always wash top to bottom | III | Always wash in straight lines | IV | Always use the two bucket method | V | Use Feynlab Pure Wash only | VI | Finish with Hybrid Detailer | Before a pad is lifted | Five levels. One standard. | 1 | Rinse or snow foam first | 2 | Set up your two buckets | 3 | Wash one section at a time — top to bottom | 4 | Clean the wheels | 5 | Rinse the whole car thoroughly | 6 | Dry with a quality drying towel | 7 | Apply Feynlab Hybrid Ceramic Detailer | 8 | Tyre dressing — Feynlab Black Velvet | Products at a glance | Everything you need. Nothing you don't. | Shampoo | Feynlab Pure Wash | Maintenance Detailer | Feynlab Hybrid Ceramic Detailer | Wheel & Tyre | Feynlab Tyre & Wheel Cleaner | Tyre Dressing | Feynlab Black Velvet Tyre Sealant | Wash Pad | GT Wash Pad | Drying | Rag Company Liquid8r Drying Towel | Air Dryer | Rokit R1 Forced Air Dryer | Microfibre | Rag Company Edgeless 365 | Use Paul's discount code for 10% off all Feynlab products at the Feynlab online store | MIRACLE | Google Reviews | Any questions? Just ask Paul.,2,1197,0,0,0,2,1,0,Air Dryer | Barrel Brush | Black Velvet Tyre Sealant | Buckets | Buy from Clean & Shiny | Buy from Feynlab | Buy from Garage Therapy | Drying Towel | Edgeless 365 Microfibre | Feynlab Pure Wash | GT Wash Pad | Grit Guards | Hybrid Detailer | Wheel Brush | Wheel Cleaner,,aftercare-washing-guide.md
https://miracledetailuk.detailersmovement.com/paintless-dent-removal/,200,,,page,True,2026-09-10T09:53:41,Paintless Dent Removal – Miracle Detail,,https://miracledetailuk.detailersmovement.com/paintless-dent-removal/,max-image-preview:large,,0,,Service — Paintless Dent Removal | The dent is gone. The paint stays. | Original paint. No dent. No compromise. | How it works | The art of reading metal. | Why PDR over traditional repair | The original finish is always the best finish. | Paintless Dent Removal | The preferred method | Traditional Body Repair | Where PDR isn't possible | What PDR is right for | Most dents. One solution. | I | Car Park Dents | II | Hail Damage | III | Larger Dents | The dent removed. The paint untouched.,0,728,0,0,0,1,0,0,Bodyshop & Paint Repair | Book a Consultation,,paintless-dent-removal.md
https://miracledetailuk.detailersmovement.com/bodyshop-paint-repair/,200,,,page,True,2026-09-10T09:51:48,Bodyshop & Paint Repair – Miracle Detail,,https://miracledetailuk.detailersmovement.com/bodyshop-paint-repair/,max-image-preview:large,,0,,"Service — Bodyshop & Paint Repair | When the damage goes deeper than the surface. | The complete picture. Paint repair and detailing. Together. | What's available | From single panels to full restorations. | I | Panel Repair | Localised damage — one panel | From £??? | II | Single Panel Respray | Full panel refinish | From £??? | III | Full Respray | Complete paint refresh or colour change | From £??? | IV | Full Restoration | Classic, historic and neglected cars | Price on assessment | Why through Miracle Detail | One point of contact. The right result. | I | Repair Before Detail | II | One Relationship | III | The Full Package | How it works | The right order. Every time. | 01 | Assessment | 02 | Bodywork & Repair | 03 | Paint Correction | 04 | Protection | How it actually works | One call. No stress. | ""She crashed her car. She made one phone call. That was all she had to do."" | Step 1 | Step 2 | Step 3 | Step 4 | Start with an honest conversation.",0,1005,0,0,0,1,0,0,Book a Consultation | Full Studio Detail,,bodyshop-paint-repair.md
https://miracledetailuk.detailersmovement.com/window-tinting-protection/,200,,,page,True,2026-09-06T08:56:00,Window Tinting & Protection – Miracle Detail,,https://miracledetailuk.detailersmovement.com/window-tinting-protection/,max-image-preview:large,,0,,"Service — Window Tinting & Protection | Privacy, protection, presence — and security. | More than privacy. A complete transformation. | Film options | Two films. Every application covered.
. | I | Standard Dyed Tint | Privacy and UV protection | From £??? | II | Chameleon Tint | Colour-shift film — windows and windscreen | From £??? | III | Windscreen Tint | Chameleon or light privacy film | From £??? | The chameleon effect | A film that changes with the light. | UK legal requirements | Tinted legally. Done properly. | UK VLT Requirements | From £??? | Also available through Miracle Detail | Bulletproof Film | Protection that cannot be seen. | Invisible protection. Absolute discretion. | How it works | Three properties. One purpose. | I | Ballistic Resistance | Impact and projectile protection | II | Forced Entry Resistance | Smash and grab prevention | III | Invisible Application | No visible indication of protection | Who it's for | For those who carry more than passengers. | Private Clients | High-net-worth individuals | Chauffeur Vehicles | Carrying high-profile passengers | Security Vehicles | Close protection and escort | Complete discretion. At every stage. | Complete your car. Inside and out.",0,1319,0,0,0,1,0,0,Book a Consultation | Most distinctive | Paint Protection Film,,window-tinting-protection.md
https://miracledetailuk.detailersmovement.com/wheel-refurbishment/,200,,,page,True,2026-09-06T08:58:51,Wheel Refurbishment – Miracle Detail,,https://miracledetailuk.detailersmovement.com/wheel-refurbishment/,max-image-preview:large,,0,,"Service — Wheel Refurbishment | Your wheels. Restored to perfect. | The finishing touch that ties a detail together. | What's available | Four services. Every wheel covered. | I | Diamond Cut | Lathe-finished face, powder-coated barrel | Pricing confirmed at enquiry | II | Powder Coat | Full wheel — any colour | Pricing confirmed at enquiry | III | Colour Change | Transform the look of the car | Pricing confirmed at enquiry | IV | Crack & Buckle Repair | Structural restoration | Pricing confirmed at enquiry | Why it matters | Wheels that match the standard of the detail. | I | Completed, Not Compromised | II | Residual Value | III | One Point of Contact | Wheels restored. Detail complete.",0,598,0,0,0,1,0,0,Book a Consultation | Full Studio Detail,,wheel-refurbishment.md
https://miracledetailuk.detailersmovement.com/mobile-detailing/,200,,,page,True,2026-09-16T06:04:47,Mobile Detailing – Miracle Detail,,https://miracledetailuk.detailersmovement.com/mobile-detailing/,max-image-preview:large,,0,,"Mobile Detailing | The studio. At your location. | How it works | Studio results, no studio required. | Coverage areas | Why choose mobile | Why choose mobile Nothing compromised. | 01 | No transport risk | 02 | Genuine convenience | 03 | Studio standard | Mobile packages | What's
. included. | Maintenance Detail | From £200 | Classic Protection Detail | From £550 | Premier Enhancement Detail | From £750 | Connoisseur Detail | From £950 | The van in the field | Portugal One week. Three cars. | ""Same standard. Different postcode."" | Paul Dalton — Miracle Detail | From £??? | Common questions | Things people ask. | Is mobile detailing the same standard as the studio? | What do you need at the location? | How far will you travel? | Is mobile detailing suitable for rare or valuable cars? | How long does a mobile detail take? | Can I book the mobile service for a fleet or multiple cars? | Available at your location | Wheel ceramic coating — applied off the car, inside and out. Painted calipers included. Can be added to any mobile package. | Get in touch | Ready to book?",0,1108,0,0,0,2,0,0,+44 7444 869983 | Correction | Enhancement | Maintenance | Protection | Request a Quote | View Packages,,mobile-detailing.md
https://miracledetailuk.detailersmovement.com/leather-restoration/,200,,,page,True,2026-09-06T08:58:34,Leather Restoration – Miracle Detail,,https://miracledetailuk.detailersmovement.com/leather-restoration/,max-image-preview:large,,0,,Service — Leather Restoration | Leather that looks the way it should. | The interior is half the car. It deserves the same attention. | What's covered | Colour. Repair. Restoration. | I | Colour Restoration | Faded and worn leather | Pricing confirmed at enquiry | II | Scuff & Scratch Repair | Surface damage restored | Pricing confirmed at enquiry | III | Full Interior Restoration | Complete leather transformation | Pricing confirmed at enquiry | Areas covered | Every leather surface in the car. | A car detailed to perfection on the outside deserves an interior that tells the same story. | Interior restored. Detail complete.,0,541,0,0,0,1,0,0,Book a Consultation | Full Studio Detail,,leather-restoration.md
https://miracledetailuk.detailersmovement.com/ceramic-coatings/,200,,,page,True,2026-09-22T06:59:32,Ceramic Coatings – Miracle Detail,,https://miracledetailuk.detailersmovement.com/ceramic-coatings/,max-image-preview:large,,0,,"Service — Ceramic Coatings | Protection applied by
the man who helped
create it. | Paul doesn't just apply Feynlab coatings. He collaborated with Feynlab to create one. Ceramic by Paul Dalton is a professional-grade coating developed alongside Feynlab's chemists, sold through the Feynlab website and used daily by detailers around the world. | The beginning | Why ceramic coating
matters — and why who applies it matters more. | A product with Paul's name on it | Ceramic by Paul Dalton | Ceramic by Paul Dalton | Feynlab · 3 Year Durability | From £??? | The full Feynlab range | Six coatings. One standard of application. | 1–2yr | Original Ceramic | Feynlab Original | 3yr | Ceramic by Paul Dalton | Feynlab · Co-developed by Paul Dalton | 5yr | Heal Lite | Feynlab Heal Lite | From £2,000 + VAT | 5yr | Ultra V2 | Feynlab Ceramic Ultra V2 | 7yr | Self-Heal Plus | Feynlab Self-Heal Plus | 10yr | Industrial Coating | Feynlab Industrial V2 | Why Feynlab | The coating Paul chose
to put his name on. | I | Self-Healing Technology | II | Chemical Resistance | III | UV Protection | IV | Depth of Gloss | Additional service | Wheel ceramic. coating. | 1-Year Protection | Wheel Ceramic Coating | From £200 | + VAT | 3–5 Year Protection | Durable Wheel Ceramic Coating | From £300 | + VAT | Bugatti Veyron — Feynlab ceramic coating | McLaren F1 — ceramic coating applied | Protect your paint with the person who knows it best.",0,1078,1,1,0,2,0,0,About Paul | Book a Consultation | Paul's own product | View on Feynlab website →,,ceramic-coatings.md
https://miracledetailuk.detailersmovement.com/paint-protection-film/,200,,,page,True,2026-09-16T06:02:58,Paint Protection Film – Miracle Detail,,https://miracledetailuk.detailersmovement.com/paint-protection-film/,max-image-preview:large,,0,,"Service — Paint Protection Film | The strongest shield paint has ever had. | PPF isn't just protection. It's peace of mind. | What's right for your car | Coverage options — bespoke to every car. | I | Full Front End | Maximum front protection | From £1,500 + VAT | II | Track Pack | Full front end + sills | From £2,000 + VAT | III | Full Car | Complete protection | From £4,000 + VAT | Film finishes | Three finishes. Every car catered for. | Gloss PPF | Invisible protection | Matte PPF | Satin and matte finishes protected | Colour PPF | Change the colour, protect the paint | The films Paul installs | Four of the world's best PPF brands. | How every PPF job is done | The process behind a perfect installation. | 01 | Paint Assessment | 02 | Decontamination | 03 | Pattern & Application | 04 | Inspection & Cure | Installation, in progress | Every panel. Every car. | Google Reviews | The best time to protect your paint was the day you bought the car.",0,1103,0,0,0,20,0,0,About Paul | Book a Consultation,,paint-protection-film.md
https://miracledetailuk.detailersmovement.com/paint-correction/,200,,,page,True,2026-09-16T06:02:12,Paint Correction – Miracle Detail,,https://miracledetailuk.detailersmovement.com/paint-correction/,max-image-preview:large,,0,,"Service — Paint Correction | The art of | reading paint. | The beginning | Paint correction isn't a service. It's a diagnosis. | Before correction | After correction | Before a pad is lifted | The instruments most detailers don't own. | Before a pad is lifted | Five levels. One standard. | Rolls-Royce Silver Shadow — full paint correction | I | Level One | Enhancement Polish | Defect removal: up to 65–75% | From £??? | 2 | Level Two | Light Correction | Defect removal: up to 75–85% | From £??? | 3 | Level Three | Full Correction | Defect removal: up to 85–90% | From £??? | 4 | Level Four | Advanced Correction | Defect removal: up to 95% | From £??? | 5 | Level Five | Concours Perfect | Defect removal: 99–100% | From £??? | Before a pad is lifted | Five levels. One standard. | Rolls-Royce Silver Shadow — full paint correction | 01 | Assessment | 02 | Decontamination | 03 | Correction | 04 | Inspection | ""Every car I have ever prepared for a concours event has won its category. The paint doesn't lie — and neither does the process."" | Paul Dalton — Miracle Detail, Est. 1994 | Lamborghini Gallardo Superleggera | Alfa Romeo GT Junior | Ferrari F40 — Monaco | Google Reviews | Ready to talk about your car?",0,793,1,1,0,2,0,0,Book a Consultation | View Packages,,paint-correction.md
https://miracledetailuk.detailersmovement.com/packages/,200,,,page,True,2026-08-16T10:47:36,Packages – Miracle Detail,,https://miracledetailuk.detailersmovement.com/packages/,max-image-preview:large,,0,,"Detailing Packages | Five levels. | One standard. | The beginning | Choose your level. Paul does the rest. | The beginning | Level 1 | Maintenance Detail | Estimated time | 2–3 hours | From | £175–£200+VAT | Level 2 | Protection Detail | Estimated time | 1–2 days | Coating durability | 2–5 years | From | £450–£550+VAT | Level 3 | Correction Detail | Estimated time | 2–3 days | Coating durability | 3–7 years | From | £650–£850+VAT | Level 4 | Ultimate Detail | Estimated time | 3–5 days | Coating durability | 5–7 years | From | From £1,000+VAT | Level 5 — The Pinnacle | Paul Dalton Signature Detail | Estimated time | 50–100 hours | Coating durability | 7+ years | From | POA | Not sure which level is right for your car? Just ask Paul. He'll tell you honestly what the car needs — and if a lower level achieves the result you're after, that's what he'll recommend. | Prices shown are from, and depend on which coating is applied — 3, 5, 6 or 7 year, including the 5 and 7 year self-healing options. | Level 5 — The Pinnacle | Wheel ceramic coating | Estimated time | 50–100 hours | Estimated time | 50–100 hours | Google Reviews | Every job. Every car. Paul.",0,963,0,0,0,1,0,0,Book Now | Book a Consultation | Paint Correction Levels,,packages.md
https://miracledetailuk.detailersmovement.com/dry-ice-cleaning/,200,,,page,True,2026-09-16T06:03:32,Dry Ice Cleaning – Miracle Detail,,https://miracledetailuk.detailersmovement.com/dry-ice-cleaning/,max-image-preview:large,,0,,"Service — Dry Ice Cleaning | No water. No chemicals. | No compromise. | Paul Dalton was the first detailer in the United Kingdom to use dry ice cleaning, in 2014. What is now becoming more widely known in the industry, Paul has been offering for over a decade. | What it actually is | The science behind dry ice cleaning. | Why it works | Three mechanisms. One result nothing else achieves. | I | Kinetic Energy | Impact at high velocity | II | Thermal Shock | -78.5°C on contact | III | Sublimation | Solid to gas — no liquid | Experience that matters | Over a decade ahead
of the industry. | Where dry ice cleaning is used | Every application assessed individually. | Dry ice cleaning — by the hour | £200+VAT | Clean what nothing else can reach.",0,726,2,2,0,2,0,0,About Paul | Book a Consultation,,dry-ice-cleaning.md
https://miracledetailuk.detailersmovement.com/,200,,,page,True,2026-09-16T06:00:22,Miracle Detail,,https://miracledetailuk.detailersmovement.com/,max-image-preview:large,,0,,"There is only one standard. | Perfection. | Most detailers clean cars. Paul Dalton corrects and protects them, properly, every time — for over 30 years and more than 10,000 cars. Every car is handled personally, by him. | Paul Dalton | The man behind the work | Paul Dalton has been doing this since 1988. | Featured On | That Fifth Gear appearance is still cited by a generation of British detailers as the moment they understood what the craft could become. | Fifth Gear · 2006 · Broadcast globally | Maserati MC12, one of 50 ever made | Sunday Mirror, 2006 | The next chapter | A new studio. Three decades in the making. | The new studio, Lingfield | Everything available through Miracle Detail | Find what your car ineeds. | 5 LEVELS -ENHANCEMENT TO CONCOURS | Paint Correction | FEYNLAB GLOBAL AMBASSADOR | Ceramic Coating | INSTALLING SINCE 2006 | Paint Protection Film | FIRST IN THE UK, 2014 | Dry Ice Cleaning | Underside Coating | Full Studio Detail | Detailing Packages | Bodyshop & Paint Repair | Paintless Dent Removal | Wheel Refurbishment | Leather Restoration | Window Tinting & Bulletproof Film | Coverage Area | Based in Lingfield, Surrey. Clients travel from across the South East and beyond. | Google Reviews | What clients say about Paul. | 5.0 | “ | Google Review | G | “ | DW | Duncan Walker | G | “ | AH | Anjela Hitchcock | G | “ | Google Review | G | “ | WS | William Sandeford | G | “ | S | Steve | G | Google Reviews | The studio sees everything from classics to daily dri",0,1200,1,1,0,5,0,0,Book a Consultation | Make an Enquiry | Read All Reviews on Google | Reserve Your Appointment | See the Results | The Full Story | The Miracle Detail Story | View Packages →,,home.md
https://miracledetailuk.detailersmovement.com/journal/,200,,,page,True,2026-08-11T03:50:55,Journal – Miracle Detail,,https://miracledetailuk.detailersmovement.com/journal/,max-image-preview:large,,1,Journal,,0,1,0,0,0,0,0,0,,,journal.md
https://miracledetailuk.detailersmovement.com/gallery/,200,,,page,True,2026-08-11T03:50:43,Gallery – Miracle Detail,,https://miracledetailuk.detailersmovement.com/gallery/,max-image-preview:large,,1,Gallery,,0,1,0,0,0,0,0,0,,,gallery.md
https://miracledetailuk.detailersmovement.com/services/,200,,,page,True,2026-08-11T03:50:31,Services – Miracle Detail,,https://miracledetailuk.detailersmovement.com/services/,max-image-preview:large,,1,Services,,0,1,0,0,0,0,0,0,,,services.md
https://miracledetailuk.detailersmovement.com/about-paul/,200,,,page,True,2026-08-16T09:56:17,About Paul – Miracle Detail,,https://miracledetailuk.detailersmovement.com/about-paul/,max-image-preview:large,,0,,"About Paul Dalton | 37 years. Not one | shortcut. | The beginning | It started with an Astra mk2 GTE and a need for pocket money. | The full story | From a Surrey driveway
to Monaco and beyond. | 1988 | 1994 | 2005 | 2006 | Maserati MC12 | Sunday Mirror, 2006 | 2006 | Maserati MC12 | 2008 | Koenigsegg CCX | On the stand | Final polish | 2008 | Ferrari 599, Middle East | 2008 | RTL Germany, 2008 | 2008 | Nippon Television, 2008 | Paul Dalton — Miracle Detail | Broughtons, Pangbourne | 2008 | Koenigsegg CCX, London Concours | The Burlington, 2008 | Koenigsegg, London Concours, The Burlington | 2009 | 458 Speciale, Dunsfold | 2009 | Ferrari 599, Hong Kong | 2009 | 2010 | Factory floor | Koenigsegg CCX | 2014 | Dry ice cleaning | 2015 | LaFerrari, GF Williams | 2016 | Ferrari F40 | Monaco garage | Final detail | Paul working on the Ferrari F40 — Monaco private collection | 2018 | On location | Motorheads studio | 2019 | Mercedes 600 — before and after | Mercedes World, Woking | Flawless finish | 600 EXY | Mercedes 600, Mercedes World | Show-ready | 2020 | Ferrari F12 TDF — Portugal | Ferrari 599 GTO — Portugal | Ferrari F12 TDF — blue | Miracle Detail VW Caddy — purpose-built mobile studio | 2021 | Monza SP2 | Studio detail | Final polish | Engine bay | Engine bay | Oslo Motor Show | Concours | Morgan Aero 8 — concours | 2023 | Glansz, Netherlands | 2024 | Japanese Detailers World Tour | 2025 | Launch, 2024 | Ceramic by Paul Dalton | 2026 | The new studio, Lingfield | Fifth Gear,",26,2752,1,1,0,1,0,0,Book a Consultation | View Packages,,about-paul.md
https://miracledetailuk.detailersmovement.com/author/DMI-Webmaster/,200,,,,True,,DMI Webmaster – Miracle Detail,,,max-image-preview:large,,1,Author name: DMI Webmaster,,0,22,1,1,0,0,0,1,Search,,author__DMI-Webmaster.md
